{
  "semantic": 0.22048434442270062,
  "tfidf": 0.2241829745596869,
  "knowledge": 0.25645303326810176,
  "collaborative": 0.29887964774951076
}