{
  "semantic": 0.20719954070807578,
  "tfidf": 0.24087319549782993,
  "knowledge": 0.26204558101642095,
  "collaborative": 0.2898816827776734
}